Name,Marks
Evelyn Emma,73
Michael Liam,87
Camila Joseph,88
Alexander Harper,62
Joseph Liam,24
Samuel Matthew,77
Emma Olivia,5
Michael James,19
Charlotte Sophia,40
Benjamin Emily,37
Carter Michael,67
Benjamin Benjamin,59
Elizabeth Isabella,39
Olivia Amelia,50
Abigail David,97
Liam Carter,39
Alexander Daniel,43
Emma Samuel,82
Ella Henry,44
Ella Charlotte,27
Ella Ella,78
Ava Michael,59
James Carter,97
Samuel Alexander,50
Joseph Ella,7
Ava Sophia,14
Carter Charlotte,66
Sophia James,93
Elizabeth Ella,81
Ella John,35
James Emma,50
James Emma,23
James Michael,88
Amelia Abigail,29
Carter Benjamin,53
Elizabeth Harper,69
Samuel Alexander,58
David Emily,75
Elizabeth Amelia,17
David Olivia,24
David Elizabeth,55
Emma Mia,84
Henry Samuel,77
Henry David,68
Amelia Benjamin,65
Michael Michael,33
Evelyn Evelyn,49
Evelyn Ella,9
Emma Matthew,31
Ava Carter,100
Lucas Liam,19
Isabella Olivia,13
Evelyn Sophia,58
Sophia John,78
Amelia Daniel,18
Lucas Camila,83
Alexander David,69
Benjamin Matthew,40
Charlotte Liam,24
Alexander Emily,27
Charlotte Michael,45
Ella Joseph,86
Olivia Carter,27
Sophia Harper,79
Harper Emily,35
Isabella John,0
Henry Joseph,8
James Charlotte,55
James Elizabeth,3
Isabella Noah,35
Olivia Liam,97
Matthew Olivia,37
Ava Charlotte,29
Harper Sophia,79
Liam Henry,24
Emily Daniel,70
Ava Evelyn,26
Abigail Amelia,70
Emma Sophia,33
Abigail Sophia,10
Liam Amelia,89
Lucas Elizabeth,53
Ella Noah,100
Matthew Samuel,92
Henry Harper,64
Noah Isabella,77
Amelia David,11
Harper Olivia,27
Emma John,88
Camila John,49
Abigail Joseph,82
Liam Michael,85
Amelia Carter,31
Emma Michael,35
Michael Evelyn,41
Henry David,73
Mia Emma,43
Matthew Ella,88
Isabella John,34
Liam Olivia,89
Emily Sophia,34
Harper Ella,13
Olivia Mia,30
Ella Abigail,41
Amelia Emily,69
Lucas David,38
Sophia Camila,95
James Matthew,94
Abigail Liam,45
Liam Harper,1
Amelia Matthew,55
Mia Henry,94
David Lucas,21
Harper Abigail,84
Sophia Emma,43
Camila Emma,17
John Liam,69
Emily Harper,0
Alexander Olivia,63
Isabella Evelyn,39
Elizabeth Amelia,59
Daniel Samuel,62
Charlotte Daniel,3
Joseph Noah,98
Charlotte Harper,83
Olivia Evelyn,72
Benjamin Olivia,59
Emily Samuel,88
Alexander Matthew,9
Michael Matthew,69
Harper Alexander,69
Alexander James,5
Liam Abigail,58
Amelia Daniel,88
Michael Harper,89
Michael Alexander,63
John Benjamin,1
Daniel Camila,44
Noah David,61
Abigail David,12
James Daniel,75
Carter Matthew,17
Ava Joseph,100
Henry Benjamin,75
Lucas Samuel,8
Emma Noah,64
Ava Noah,89
Samuel Benjamin,15
Mia Amelia,89
Olivia James,58
James Sophia,2
Sophia Olivia,19
Olivia John,68
Charlotte Olivia,49
Harper Camila,49
Carter Charlotte,47
Sophia Emma,66
Emily Harper,44
Michael Emma,45
Henry Harper,19
Liam Alexander,44
David Isabella,62
Elizabeth Liam,78
Michael Samuel,53
Camila Isabella,93
Benjamin David,87
Camila David,76
Evelyn Daniel,23
Emily Harper,79
Harper Ava,51
Charlotte Noah,80
Daniel Evelyn,64
Samuel Joseph,27
Ava Matthew,30
Sophia Samuel,20
Henry Emma,89
James Matthew,22
Abigail Liam,28
Samuel Noah,84
Michael Harper,52
Camila Michael,16
Charlotte Charlotte,83
Daniel Evelyn,97
Evelyn Camila,53
Charlotte John,43
Ava Benjamin,28
Lucas David,2
Michael Matthew,47
Mia Matthew,69
Camila David,1
Carter Lucas,54
Benjamin Amelia,54
Isabella Michael,13
Samuel Alexander,92
Noah Charlotte,19
Charlotte Amelia,87
Emma Liam,22
Mia Charlotte,41
Harper Liam,45
Noah Daniel,6
Elizabeth Matthew,56
Michael Carter,86
Joseph Elizabeth,64
Emily John,24
Camila Liam,53
Abigail Samuel,77
Liam Olivia,25
Liam Ava,30
Ella Samuel,35
Charlotte Daniel,53
Emily Lucas,69
Olivia Amelia,63
Charlotte Olivia,76
Charlotte David,55
Ella Ava,20
Camila Lucas,21
James Matthew,95
Ava John,100
Matthew Michael,87
John Ava,46
Benjamin Elizabeth,57
Evelyn Samuel,74
Amelia Olivia,63
Elizabeth Mia,52
Matthew Emma,74
Evelyn Isabella,62
Emma Samuel,43
Daniel Samuel,0
Camila Lucas,19
Joseph Emma,16
Camila Charlotte,36
Benjamin Matthew,2
Samuel Carter,10
John Lucas,29
Camila David,47
Camila Olivia,2
Ava Camila,34
James Ava,81
Sophia Camila,39
Mia Henry,37
Lucas Henry,65
Samuel Emily,67
Charlotte Daniel,53
Mia Harper,92
Isabella Harper,85
Alexander John,20
Daniel Charlotte,59
Ava Ella,54
Henry Emma,41
David Alexander,97
Benjamin James,35
Evelyn Harper,53
Isabella Emma,48
Emma Emma,9
Daniel Amelia,28
Matthew Henry,2
Isabella Benjamin,87
Harper Charlotte,10
Amelia Isabella,21
Olivia Elizabeth,39
Alexander Henry,25
James Henry,69
Isabella Evelyn,68
Abigail Noah,53
Samuel Isabella,44
Samuel Charlotte,39
Carter Camila,83
Noah Matthew,1
Daniel David,56
Carter Sophia,72
Olivia John,94
David Matthew,93
Elizabeth Alexander,5
Alexander Olivia,50
Emily Michael,41
Emily Elizabeth,58
John Emily,47
Emma Ella,55
Isabella Charlotte,72
Liam Olivia,61
Evelyn Lucas,12
Abigail Joseph,72
Abigail Abigail,79
Mia Michael,92
Liam Emma,34
Benjamin Ava,80
Ella Carter,50
Isabella James,76
Sophia Charlotte,10
Daniel Samuel,0
Elizabeth Michael,23
James Henry,5
Joseph Charlotte,32
Ella Samuel,73
Noah Alexander,82
Charlotte Lucas,78
John Carter,14
Benjamin Carter,9
Lucas Elizabeth,10
Emily Harper,74
Daniel Ella,55
Isabella Harper,89
Charlotte Matthew,64
Abigail Benjamin,50
Alexander Daniel,64
Samuel Matthew,72
Alexander Sophia,8
James Isabella,7
James Samuel,28
Olivia Liam,10
Benjamin Charlotte,98
Emily Carter,27
David Olivia,26
Charlotte Samuel,60
Liam Carter,34
Amelia Evelyn,66
Ava John,53
Olivia Elizabeth,20
Camila Emma,75
Charlotte Liam,98
David Carter,89
Michael Liam,43
Isabella Alexander,70
John Evelyn,16
Benjamin Lucas,26
David Sophia,17
Ava Emily,92
Amelia Joseph,62
James Camila,56
Benjamin Ava,94
Camila Abigail,3
Evelyn Emma,98
Mia Daniel,27
Daniel Benjamin,40
Abigail Henry,35
Lucas Samuel,55
James Samuel,51
Joseph Noah,72
Daniel John,53
Elizabeth Mia,11
Camila Ella,43
Michael David,67
Michael Samuel,27
Liam Emily,84
Evelyn Matthew,87
David Sophia,77
Abigail Joseph,51
Charlotte Benjamin,95
Samuel Emily,63
Ella Sophia,70
Emma Benjamin,82
Emma Abigail,94
Emily Noah,20
Evelyn Amelia,80
David Amelia,32
James Samuel,20
Ella Amelia,33
Carter Liam,54
James Amelia,54
Mia Mia,93
Lucas David,84
James Emily,73
Samuel Olivia,83
Daniel Harper,8
Charlotte Matthew,63
Camila Charlotte,23
Michael James,94
Sophia Amelia,41
Emma Isabella,79
David Sophia,43
Joseph Evelyn,54
Liam Alexander,9
Olivia Michael,13
James Mia,59
Isabella Lucas,29
Henry James,77
Samuel Henry,63
Daniel Matthew,45
Olivia Ella,39
Sophia Mia,45
Emma Joseph,90
Mia Henry,48
Matthew Harper,9
Charlotte Joseph,12
Isabella Michael,98
Sophia James,22
Noah Daniel,49
Benjamin Samuel,49
Matthew Sophia,95
Lucas Ella,92
Sophia Ella,98
Benjamin Amelia,32
Mia Henry,25
Sophia Isabella,67
Harper Evelyn,11
Henry Daniel,78
Isabella David,69
Amelia Alexander,60
Benjamin Noah,100
Abigail Evelyn,17
Matthew Charlotte,55
Matthew Alexander,19
Harper David,58
Harper Lucas,53
Isabella Joseph,0
Abigail Evelyn,33
James Matthew,72
Amelia Evelyn,3
Evelyn Ella,22
Carter Benjamin,11
David David,49
Camila Evelyn,60
Evelyn Noah,16
Harper Henry,33
Evelyn Elizabeth,34
Ava Samuel,26
Camila Alexander,16
Elizabeth Benjamin,62
Lucas Ella,15
Lucas David,78
Abigail Daniel,54
Harper Camila,99
Evelyn Lucas,90
Elizabeth Henry,12
Harper Daniel,62
Samuel Charlotte,81
Henry Ella,85
Alexander Ella,15
Joseph Ava,37
David Matthew,57
Noah Daniel,61
Joseph Alexander,14
Emily Ava,29
Daniel Carter,38
Mia Amelia,6
Sophia Ella,93
Mia Liam,10
Samuel James,85
Alexander Ella,64
Michael David,52
Alexander Matthew,79
Camila Abigail,75
Ava Charlotte,79
Samuel Ava,74
Liam Sophia,72
Liam Isabella,84
Mia Emily,56
Henry James,81
Harper James,53
Emily Noah,16
Lucas Camila,63
Joseph James,42
Emma Liam,20
Sophia Ella,28
Carter Ella,30
Michael Ella,8
Emily Alexander,90
Isabella Alexander,30
Olivia Evelyn,10
Daniel James,65
Carter Liam,3
James Noah,71
Isabella Charlotte,29
David Liam,26
James Joseph,41
Joseph Carter,24
David Samuel,32
Carter Benjamin,51
Daniel Henry,66
Ava Samuel,8
Harper Benjamin,36
Isabella Ella,6
Emily Olivia,64
Emily Emma,25
Daniel Emma,5
James Camila,80
Liam Amelia,32
Daniel Benjamin,6
Isabella David,80
Samuel Joseph,98
Amelia John,65
David Abigail,3
Evelyn Amelia,6
Matthew Isabella,24
Liam Sophia,66
Henry Lucas,41
Samuel Mia,57
Evelyn Joseph,14
Elizabeth James,64
Carter Matthew,28
Sophia Abigail,7
Harper Samuel,100
Charlotte Charlotte,87
Abigail Isabella,71
Mia John,17
Henry Benjamin,92
Carter Isabella,74
Ava James,62
Lucas Abigail,100
Henry Joseph,65
